video_file,label,fps,num_frame,height,width,duration
prob_33_981244_981479.avi,Pumping,30.0,235.0,800.0,1100.0,7.833333333333333
v_feeding_g01_613.avi,Feeding,30.0,1683.0,800.0,1100.0,56.1
grooming_66_374362_375651.avi,Grooming,30.0,1289.0,800.0,1100.0,42.96666666666667
v_feeding_g01_824.avi,Feeding,30.0,261.0,800.0,1100.0,8.7
v_feeding_g01_670.avi,Feeding,30.0,204.0,800.0,1100.0,6.8
prob_52_1363631_1363981.avi,Pumping,30.0,350.0,800.0,1100.0,11.666666666666666
grooming_67_387508_387675.avi,Grooming,30.0,167.0,800.0,1100.0,5.566666666666666
v_feeding_g01_688.avi,Feeding,30.0,686.0,800.0,1100.0,22.866666666666667
v_feeding_g01_427.avi,Feeding,30.0,760.0,800.0,1100.0,25.33333333333333
grooming_180_44610_45177.avi,Grooming,30.0,567.0,800.0,1100.0,18.9
v_feeding_g01_719.avi,Feeding,30.0,170.0,800.0,1100.0,5.666666666666667
grooming_185_994207_994391.avi,Grooming,30.0,184.0,800.0,1100.0,6.133333333333334
grooming_69_429539_431968.avi,Grooming,30.0,2429.0,800.0,1100.0,80.96666666666667
ProboscisPump_56_88020_88564.avi,Pumping,30.0,544.0,800.0,1100.0,18.133333333333333
v_feeding_g01_800.avi,Feeding,30.0,296.0,800.0,1100.0,9.866666666666667
prob_90_2083875_2084065.avi,Pumping,30.0,210.0,800.0,1100.0,7.0
v_feeding_g01_464.avi,Feeding,30.0,411.0,800.0,1100.0,13.7
grooming_13_508216_508647.avi,Grooming,30.0,431.0,800.0,1100.0,14.366666666666667
prob_10_802649_803553.avi,Pumping,30.0,904.0,800.0,1100.0,30.133333333333333
grooming_285_1616503_1617125.avi,Grooming,30.0,622.0,800.0,1100.0,20.73333333333333
prob_21_1287009_1287593.avi,Pumping,30.0,584.0,800.0,1100.0,19.466666666666665
prob_47_1216414_1216741.avi,Pumping,30.0,327.0,800.0,1100.0,10.9
v_feeding_g01_680.avi,Feeding,30.0,150.0,800.0,1100.0,5.0
prob_16_1924540_1924788.avi,Pumping,30.0,248.0,800.0,1100.0,8.266666666666667
v_feeding_g01_313.avi,Feeding,30.0,436.0,800.0,1100.0,14.533333333333331
v_feeding_g01_742.avi,Feeding,30.0,939.0,800.0,1100.0,31.3
v_feeding_g01_504.avi,Feeding,30.0,376.0,800.0,1100.0,12.533333333333331
prob_20_1180433_1181638.avi,Pumping,30.0,1205.0,800.0,1100.0,40.16666666666666
prob_6_137034_137198.avi,Pumping,30.0,210.0,800.0,1100.0,7.0
v_feeding_g01_415.avi,Feeding,30.0,571.0,800.0,1100.0,19.03333333333333
prob_23_1676364_1676532.avi,Pumping,30.0,168.0,800.0,1100.0,5.6
v_feeding_g01_14.avi,Feeding,30.0,514.0,800.0,1100.0,17.133333333333333
grooming_156_630362_631063.avi,Grooming,30.0,701.0,800.0,1100.0,23.366666666666667
prob_1_62515_62749.avi,Pumping,30.0,270.0,800.0,1100.0,9.0
grooming_172_1685189_1690865.avi,Grooming,30.0,5676.0,800.0,1100.0,189.2
prob_107_2130186_2130305.avi,Pumping,30.0,150.0,800.0,1100.0,5.0
grooming_102_862615_863080.avi,Grooming,30.0,465.0,800.0,1100.0,15.5
v_feeding_g01_76.avi,Feeding,30.0,420.0,800.0,1100.0,14.0
grooming_63_388448_388630.avi,Grooming,30.0,182.0,800.0,1100.0,6.066666666666666
prob_16_1065491_1065840.avi,Pumping,30.0,349.0,800.0,1100.0,11.633333333333333
grooming_197_1009587_1009820.avi,Grooming,30.0,233.0,800.0,1100.0,7.766666666666667
grooming_46_1327775_1328262.avi,Grooming,30.0,487.0,800.0,1100.0,16.233333333333334
prob_91_2091062_2092086.avi,Pumping,30.0,1050.0,800.0,1100.0,35.0
v_feeding_g01_715.avi,Feeding,30.0,480.0,800.0,1100.0,16.0
grooming_17_18980_20187.avi,Grooming,30.0,1207.0,800.0,1100.0,40.23333333333333
grooming_207_1071009_1071578.avi,Grooming,30.0,569.0,800.0,1100.0,18.966666666666665
grooming_159_1568049_1568400.avi,Grooming,30.0,351.0,800.0,1100.0,11.7
prob_21_1136337_1136721.avi,Pumping,30.0,384.0,800.0,1100.0,12.8
prob_94_2118401_2118943.avi,Pumping,30.0,570.0,800.0,1100.0,19.0
prob_11_1884915_1885730.avi,Pumping,30.0,840.0,800.0,1100.0,28.0
v_feeding_g01_110.avi,Feeding,30.0,924.0,800.0,1100.0,30.8
prob_48_1248329_1248837.avi,Pumping,30.0,508.0,800.0,1100.0,16.933333333333334
grooming_10_82660_83128.avi,Grooming,30.0,468.0,800.0,1100.0,15.6
grooming_114_484100_487262.avi,Grooming,30.0,3162.0,800.0,1100.0,105.4
grooming_26_158347_158750.avi,Grooming,30.0,403.0,800.0,1100.0,13.433333333333334
grooming_178_40260_40528.avi,Grooming,30.0,268.0,800.0,1100.0,8.933333333333334
grooming_166_1610924_1611834.avi,Grooming,30.0,910.0,800.0,1100.0,30.33333333333333
grooming_98_857671_857870.avi,Grooming,30.0,199.0,800.0,1100.0,6.633333333333334
v_feeding_g01_821.avi,Feeding,30.0,797.0,800.0,1100.0,26.566666666666663
prob_26_1618673_1618922.avi,Pumping,30.0,249.0,800.0,1100.0,8.3
prob_6_1580098_1580295.avi,Pumping,30.0,197.0,800.0,1100.0,6.566666666666666
prob_3_633904_634336.avi,Pumping,30.0,432.0,800.0,1100.0,14.4
prob_41_1076501_1077072.avi,Pumping,30.0,571.0,800.0,1100.0,19.03333333333333
grooming_101_859808_860108.avi,Grooming,30.0,300.0,800.0,1100.0,10.0
prob_13_1337562_1337725.avi,Pumping,30.0,163.0,800.0,1100.0,5.433333333333334
v_feeding_g01_684.avi,Feeding,30.0,891.0,800.0,1100.0,29.7
prob_8_945849_946357.avi,Pumping,30.0,508.0,800.0,1100.0,16.933333333333334
grooming_74_564589_565272.avi,Grooming,30.0,683.0,800.0,1100.0,22.766666666666666
v_feeding_g01_658.avi,Feeding,30.0,164.0,800.0,1100.0,5.466666666666667
v_feeding_g01_276.avi,Feeding,30.0,644.0,800.0,1100.0,21.466666666666665
grooming_183_54233_54487.avi,Grooming,30.0,254.0,800.0,1100.0,8.466666666666667
v_feeding_g01_189.avi,Feeding,30.0,154.0,800.0,1100.0,5.133333333333334
grooming_92_836737_836910.avi,Grooming,30.0,173.0,800.0,1100.0,5.766666666666667
grooming_26_199864_200066.avi,Grooming,30.0,202.0,800.0,1100.0,6.733333333333333
v_feeding_g01_535.avi,Feeding,30.0,200.0,800.0,1100.0,6.666666666666667
prob_8_1617173_1617866.avi,Pumping,30.0,693.0,800.0,1100.0,23.1
grooming_272_1570605_1571061.avi,Grooming,30.0,456.0,800.0,1100.0,15.2
grooming_81_719752_723592.avi,Grooming,30.0,3840.0,800.0,1100.0,128.0
grooming_15_693593_693955.avi,Grooming,30.0,362.0,800.0,1100.0,12.066666666666666
grooming_29_159826_160263.avi,Grooming,30.0,437.0,800.0,1100.0,14.566666666666666
v_feeding_g01_234.avi,Feeding,30.0,396.0,800.0,1100.0,13.2
v_feeding_g01_842.avi,Feeding,30.0,363.0,800.0,1100.0,12.1
grooming_254_1374029_1375809.avi,Grooming,30.0,1780.0,800.0,1100.0,59.333333333333336
grooming_216_1082878_1083037.avi,Grooming,30.0,159.0,800.0,1100.0,5.3
grooming_244_1204991_1205326.avi,Grooming,30.0,335.0,800.0,1100.0,11.166666666666666
v_feeding_g01_250.avi,Feeding,30.0,446.0,800.0,1100.0,14.866666666666667
grooming_64_350681_350973.avi,Grooming,30.0,292.0,800.0,1100.0,9.733333333333333
v_feeding_g01_273.avi,Feeding,30.0,571.0,800.0,1100.0,19.03333333333333
v_feeding_g01_710.avi,Feeding,30.0,1363.0,800.0,1100.0,45.43333333333333
prob_5_350094_351169.avi,Pumping,30.0,1075.0,800.0,1100.0,35.833333333333336
prob_0_45295_45451.avi,Pumping,30.0,210.0,800.0,1100.0,7.0
prob_29_267335_267622.avi,Pumping,30.0,300.0,800.0,1100.0,10.0
grooming_141_1431398_1431566.avi,Grooming,30.0,168.0,800.0,1100.0,5.6
v_feeding_g01_370.avi,Feeding,30.0,457.0,800.0,1100.0,15.233333333333333
prob_2_1527558_1528578.avi,Pumping,30.0,1050.0,800.0,1100.0,35.0
prob_6_724842_725473.avi,Pumping,30.0,631.0,800.0,1100.0,21.03333333333333
grooming_20_71386_73200.avi,Grooming,30.0,1814.0,800.0,1100.0,60.46666666666667
grooming_1_335215_336427.avi,Grooming,30.0,1212.0,800.0,1100.0,40.4
grooming_56_273551_273751.avi,Grooming,30.0,200.0,800.0,1100.0,6.666666666666667
grooming_64_395292_395890.avi,Grooming,30.0,598.0,800.0,1100.0,19.933333333333334
v_feeding_g01_484.avi,Feeding,30.0,240.0,800.0,1100.0,8.0
grooming_8_16336_18262.avi,Grooming,30.0,1926.0,800.0,1100.0,64.2
prob_12_1773215_1773573.avi,Pumping,30.0,358.0,800.0,1100.0,11.933333333333334
v_feeding_g01_653.avi,Feeding,30.0,330.0,800.0,1100.0,11.0
v_feeding_g01_62.avi,Feeding,30.0,641.0,800.0,1100.0,21.366666666666667
ProbPumbping_10_643070_643926.avi,Pumping,30.0,856.0,800.0,1100.0,28.53333333333333
prob_9_292067_292567.avi,Pumping,30.0,500.0,800.0,1100.0,16.666666666666668
v_feeding_g01_328.avi,Feeding,30.0,417.0,800.0,1100.0,13.9
grooming_143_1436830_1440596.avi,Grooming,30.0,3766.0,800.0,1100.0,125.53333333333332
prob_1_103583_103870.avi,Pumping,30.0,287.0,800.0,1100.0,9.566666666666666
v_feeding_g01_138.avi,Feeding,30.0,1276.0,800.0,1100.0,42.53333333333333
ProbPumbping_16_1133258_1133408.avi,Pumping,30.0,150.0,800.0,1100.0,5.0
v_feeding_g01_158.avi,Feeding,30.0,484.0,800.0,1100.0,16.133333333333333
v_feeding_g01_222.avi,Feeding,30.0,1409.0,800.0,1100.0,46.96666666666667
v_feeding_g01_475.avi,Feeding,30.0,150.0,800.0,1100.0,5.0
grooming_25_197937_198503.avi,Grooming,30.0,566.0,800.0,1100.0,18.866666666666667
v_feeding_g01_130.avi,Feeding,30.0,649.0,800.0,1100.0,21.633333333333333
v_feeding_g01_473.avi,Feeding,30.0,955.0,800.0,1100.0,31.83333333333333
v_feeding_g01_240.avi,Feeding,30.0,362.0,800.0,1100.0,12.066666666666666
v_feeding_g01_347.avi,Feeding,30.0,309.0,800.0,1100.0,10.3
prob_30_1446685_1447256.avi,Pumping,30.0,571.0,800.0,1100.0,19.03333333333333
grooming_174_881621_882394.avi,Grooming,30.0,773.0,800.0,1100.0,25.766666666666666
grooming_99_459636_459814.avi,Grooming,30.0,178.0,800.0,1100.0,5.933333333333334
grooming_136_602565_602833.avi,Grooming,30.0,268.0,800.0,1100.0,8.933333333333334
prob_7_620727_621211.avi,Pumping,30.0,484.0,800.0,1100.0,16.133333333333333
grooming_155_626157_630211.avi,Grooming,30.0,4054.0,800.0,1100.0,135.13333333333333
grooming_194_1004851_1005071.avi,Grooming,30.0,220.0,800.0,1100.0,7.333333333333333
prob_5_631218_632106.avi,Pumping,30.0,888.0,800.0,1100.0,29.6
v_feeding_g01_50.avi,Feeding,30.0,164.0,800.0,1100.0,5.466666666666667
v_feeding_g01_741.avi,Feeding,30.0,480.0,800.0,1100.0,16.0
prob_8_183928_184023.avi,Pumping,30.0,150.0,800.0,1100.0,5.0
grooming_288_1689356_1691436.avi,Grooming,30.0,2080.0,800.0,1100.0,69.33333333333333
v_feeding_g01_772.avi,Feeding,30.0,196.0,800.0,1100.0,6.533333333333333
prob_18_1402338_1402910.avi,Pumping,30.0,572.0,800.0,1100.0,19.066666666666663
ProboscisPump_58_416564_417022.avi,Pumping,30.0,458.0,800.0,1100.0,15.266666666666667
grooming_5_344925_346673.avi,Grooming,30.0,1748.0,800.0,1100.0,58.266666666666666
v_feeding_g01_642.avi,Feeding,30.0,300.0,800.0,1100.0,10.0
prob_4_560444_560882.avi,Pumping,30.0,438.0,800.0,1100.0,14.6
grooming_239_1145340_1145558.avi,Grooming,30.0,218.0,800.0,1100.0,7.266666666666667
prob_3_1314772_1314947.avi,Pumping,30.0,175.0,800.0,1100.0,5.833333333333333
grooming_144_1461410_1461650.avi,Grooming,30.0,240.0,800.0,1100.0,8.0
v_feeding_g01_144.avi,Feeding,30.0,483.0,800.0,1100.0,16.1
grooming_52_315510_316076.avi,Grooming,30.0,566.0,800.0,1100.0,18.866666666666667
prob_5_142484_142800.avi,Pumping,30.0,316.0,800.0,1100.0,10.533333333333331
grooming_273_1571780_1573785.avi,Grooming,30.0,2005.0,800.0,1100.0,66.83333333333333
v_feeding_g01_31.avi,Feeding,30.0,165.0,800.0,1100.0,5.5
grooming_170_758135_758477.avi,Grooming,30.0,342.0,800.0,1100.0,11.4
v_feeding_g01_165.avi,Feeding,30.0,150.0,800.0,1100.0,5.0
grooming_79_639560_640272.avi,Grooming,30.0,712.0,800.0,1100.0,23.73333333333333
ProboscisPump_66_828085_828465.avi,Pumping,30.0,380.0,800.0,1100.0,12.666666666666666
grooming_39_243383_244297.avi,Grooming,30.0,914.0,800.0,1100.0,30.466666666666665
grooming_177_981700_984556.avi,Grooming,30.0,2856.0,800.0,1100.0,95.2
grooming_63_283381_284679.avi,Grooming,30.0,1298.0,800.0,1100.0,43.266666666666666
prob_0_1519709_1520487.avi,Pumping,30.0,778.0,800.0,1100.0,25.933333333333334
prob_10_778946_779464.avi,Pumping,30.0,518.0,800.0,1100.0,17.266666666666666
prob_12_1009902_1010237.avi,Pumping,30.0,335.0,800.0,1100.0,11.166666666666666
prob_1_1526364_1526952.avi,Pumping,30.0,588.0,800.0,1100.0,19.6
v_feeding_g01_376.avi,Feeding,30.0,275.0,800.0,1100.0,9.166666666666666
v_feeding_g01_266.avi,Feeding,30.0,250.0,800.0,1100.0,8.333333333333334
v_feeding_g01_281.avi,Feeding,30.0,1060.0,800.0,1100.0,35.333333333333336
prob_59_1461827_1462271.avi,Pumping,30.0,444.0,800.0,1100.0,14.8
v_feeding_g01_436.avi,Feeding,30.0,1809.0,800.0,1100.0,60.3
ProboscisPump_67_863477_863771.avi,Pumping,30.0,294.0,800.0,1100.0,9.8
v_feeding_g01_798.avi,Feeding,30.0,512.0,800.0,1100.0,17.066666666666666
grooming_132_1318222_1318780.avi,Grooming,30.0,558.0,800.0,1100.0,18.6
prob_0_49585_50080.avi,Pumping,30.0,495.0,800.0,1100.0,16.5
v_feeding_g01_403.avi,Feeding,30.0,1399.0,800.0,1100.0,46.63333333333333
grooming_103_880581_880741.avi,Grooming,30.0,160.0,800.0,1100.0,5.333333333333333
grooming_217_1086404_1087289.avi,Grooming,30.0,885.0,800.0,1100.0,29.5
grooming_145_1468059_1469033.avi,Grooming,30.0,974.0,800.0,1100.0,32.46666666666667
v_feeding_g01_194.avi,Feeding,30.0,210.0,800.0,1100.0,7.0
v_feeding_g01_579.avi,Feeding,30.0,1290.0,800.0,1100.0,43.0
prob_10_330415_330705.avi,Pumping,30.0,290.0,800.0,1100.0,9.666666666666666
v_feeding_g01_280.avi,Feeding,30.0,523.0,800.0,1100.0,17.433333333333334
grooming_236_1118514_1119185.avi,Grooming,30.0,671.0,800.0,1100.0,22.366666666666667
grooming_17_724724_724915.avi,Grooming,30.0,191.0,800.0,1100.0,6.366666666666666
grooming_31_935914_936639.avi,Grooming,30.0,725.0,800.0,1100.0,24.166666666666668
prob_4_1568516_1569204.avi,Pumping,30.0,688.0,800.0,1100.0,22.933333333333334
grooming_2_3271_3463.avi,Grooming,30.0,192.0,800.0,1100.0,6.4
prob_51_172189_172422.avi,Pumping,30.0,270.0,800.0,1100.0,9.0
grooming_47_285389_285953.avi,Grooming,30.0,564.0,800.0,1100.0,18.8
grooming_157_1556803_1557452.avi,Grooming,30.0,649.0,800.0,1100.0,21.633333333333333
grooming_7_11704_14147.avi,Grooming,30.0,2443.0,800.0,1100.0,81.43333333333334
ProbPumbping_9_553930_555031.avi,Pumping,30.0,1101.0,800.0,1100.0,36.7
prob_18_187924_189776.avi,Pumping,30.0,1860.0,800.0,1100.0,62.0
v_feeding_g01_293.avi,Feeding,30.0,1598.0,800.0,1100.0,53.266666666666666
grooming_50_240165_240921.avi,Grooming,30.0,756.0,800.0,1100.0,25.2
grooming_267_1536913_1537495.avi,Grooming,30.0,582.0,800.0,1100.0,19.4
grooming_252_1310618_1311152.avi,Grooming,30.0,534.0,800.0,1100.0,17.8
prob_1_416662_416993.avi,Pumping,30.0,331.0,800.0,1100.0,11.033333333333331
v_feeding_g01_23.avi,Feeding,30.0,150.0,800.0,1100.0,5.0
grooming_165_1598388_1599016.avi,Grooming,30.0,628.0,800.0,1100.0,20.933333333333334
prob_18_1038792_1039388.avi,Pumping,30.0,596.0,800.0,1100.0,19.866666666666667
prob_15_1038763_1039003.avi,Pumping,30.0,240.0,800.0,1100.0,8.0
prob_25_1224416_1225385.avi,Pumping,30.0,969.0,800.0,1100.0,32.3
grooming_51_242616_244368.avi,Grooming,30.0,1752.0,800.0,1100.0,58.4
grooming_138_1427691_1428230.avi,Grooming,30.0,539.0,800.0,1100.0,17.966666666666665
v_feeding_g01_757.avi,Feeding,30.0,153.0,800.0,1100.0,5.1
prob_7_280929_281171.avi,Pumping,30.0,242.0,800.0,1100.0,8.066666666666666
v_feeding_g01_531.avi,Feeding,30.0,222.0,800.0,1100.0,7.4
grooming_62_377652_379024.avi,Grooming,30.0,1372.0,800.0,1100.0,45.73333333333333
grooming_208_1071762_1072638.avi,Grooming,30.0,876.0,800.0,1100.0,29.2
v_feeding_g01_444.avi,Feeding,30.0,1130.0,800.0,1100.0,37.66666666666666
grooming_37_235067_235549.avi,Grooming,30.0,482.0,800.0,1100.0,16.066666666666666
grooming_249_1268442_1269450.avi,Grooming,30.0,1008.0,800.0,1100.0,33.6
grooming_60_366453_366847.avi,Grooming,30.0,394.0,800.0,1100.0,13.133333333333333
v_feeding_g01_698.avi,Feeding,30.0,566.0,800.0,1100.0,18.866666666666667
v_feeding_g01_214.avi,Feeding,30.0,727.0,800.0,1100.0,24.23333333333333
v_feeding_g01_708.avi,Feeding,30.0,250.0,800.0,1100.0,8.333333333333334
ProbPumbping_11_751752_752667.avi,Pumping,30.0,915.0,800.0,1100.0,30.5
grooming_155_1543364_1544243.avi,Grooming,30.0,879.0,800.0,1100.0,29.3
v_feeding_g01_696.avi,Feeding,30.0,601.0,800.0,1100.0,20.03333333333333
prob_54_1554679_1554993.avi,Pumping,30.0,360.0,800.0,1100.0,12.0
prob_5_152855_153031.avi,Pumping,30.0,210.0,800.0,1100.0,7.0
ProbPumbping_5_371032_371841.avi,Pumping,30.0,809.0,800.0,1100.0,26.966666666666665
grooming_15_161489_161727.avi,Grooming,30.0,238.0,800.0,1100.0,7.933333333333334
grooming_80_420050_421661.avi,Grooming,30.0,1611.0,800.0,1100.0,53.7
v_feeding_g01_598.avi,Feeding,30.0,178.0,800.0,1100.0,5.933333333333334
grooming_154_1538370_1538749.avi,Grooming,30.0,379.0,800.0,1100.0,12.633333333333333
v_feeding_g01_530.avi,Feeding,30.0,249.0,800.0,1100.0,8.3
v_feeding_g01_172.avi,Feeding,30.0,630.0,800.0,1100.0,21.0
prob_3_334758_335221.avi,Pumping,30.0,463.0,800.0,1100.0,15.433333333333334
grooming_21_124762_127576.avi,Grooming,30.0,2814.0,800.0,1100.0,93.8
v_feeding_g01_271.avi,Feeding,30.0,208.0,800.0,1100.0,6.933333333333334
v_feeding_g01_159.avi,Feeding,30.0,390.0,800.0,1100.0,13.0
grooming_4_3878_4244.avi,Grooming,30.0,366.0,800.0,1100.0,12.2
grooming_32_218511_218666.avi,Grooming,30.0,155.0,800.0,1100.0,5.166666666666667
v_feeding_g01_564.avi,Feeding,30.0,518.0,800.0,1100.0,17.266666666666666
grooming_172_877484_878618.avi,Grooming,30.0,1134.0,800.0,1100.0,37.8
prob_1_481790_482331.avi,Pumping,30.0,541.0,800.0,1100.0,18.03333333333333
prob_6_80986_81319.avi,Pumping,30.0,333.0,800.0,1100.0,11.1
v_feeding_g01_49.avi,Feeding,30.0,174.0,800.0,1100.0,5.8
grooming_8_364761_364923.avi,Grooming,30.0,162.0,800.0,1100.0,5.4
grooming_119_573228_573554.avi,Grooming,30.0,326.0,800.0,1100.0,10.866666666666667
grooming_10_7819_11607.avi,Grooming,30.0,3788.0,800.0,1100.0,126.26666666666668
grooming_287_1681924_1682333.avi,Grooming,30.0,409.0,800.0,1100.0,13.633333333333333
v_feeding_g01_490.avi,Feeding,30.0,510.0,920.0,1332.0,17.0
prob_20_1472366_1472910.avi,Pumping,30.0,544.0,800.0,1100.0,18.133333333333333
prob_17_1469087_1469250.avi,Pumping,30.0,163.0,800.0,1100.0,5.433333333333334
v_feeding_g01_643.avi,Feeding,30.0,631.0,800.0,1100.0,21.03333333333333
v_feeding_g01_445.avi,Feeding,30.0,368.0,800.0,1100.0,12.266666666666667
grooming_95_846801_848230.avi,Grooming,30.0,1429.0,800.0,1100.0,47.63333333333333
prob_24_1426663_1426936.avi,Pumping,30.0,273.0,800.0,1100.0,9.1
grooming_223_1105026_1106034.avi,Grooming,30.0,1008.0,800.0,1100.0,33.6
prob_18_547144_547295.avi,Pumping,30.0,151.0,800.0,1100.0,5.033333333333333
prob_25_550948_551609.avi,Pumping,30.0,661.0,800.0,1100.0,22.03333333333333
prob_16_1353936_1354684.avi,Pumping,30.0,748.0,800.0,1100.0,24.933333333333334
grooming_276_1583369_1583583.avi,Grooming,30.0,214.0,800.0,1100.0,7.133333333333334
prob_25_230070_231881.avi,Pumping,30.0,1830.0,800.0,1100.0,61.0
grooming_86_823150_825440.avi,Grooming,30.0,2290.0,800.0,1100.0,76.33333333333333
grooming_104_881057_883274.avi,Grooming,30.0,2217.0,800.0,1100.0,73.9
prob_23_1994552_1995082.avi,Pumping,30.0,540.0,800.0,1100.0,18.0
v_feeding_g01_704.avi,Feeding,30.0,347.0,800.0,1100.0,11.566666666666666
grooming_23_816264_816475.avi,Grooming,30.0,211.0,800.0,1100.0,7.033333333333333
prob_42_388438_389450.avi,Pumping,30.0,1050.0,800.0,1100.0,35.0
grooming_65_372746_373996.avi,Grooming,30.0,1250.0,800.0,1100.0,41.66666666666666
v_feeding_g01_471.avi,Feeding,30.0,452.0,800.0,1100.0,15.066666666666666
prob_17_512703_513334.avi,Pumping,30.0,631.0,800.0,1100.0,21.03333333333333
grooming_149_617407_617560.avi,Grooming,30.0,153.0,800.0,1100.0,5.1
v_feeding_g01_574.avi,Feeding,30.0,963.0,800.0,1100.0,32.1
prob_19_1095989_1096206.avi,Pumping,30.0,217.0,800.0,1100.0,7.233333333333333
prob_12_1937345_1937799.avi,Pumping,30.0,480.0,800.0,1100.0,16.0
grooming_46_276538_276780.avi,Grooming,30.0,242.0,800.0,1100.0,8.066666666666666
v_feeding_g01_462.avi,Feeding,30.0,1358.0,800.0,1100.0,45.266666666666666
grooming_50_1507716_1508604.avi,Grooming,30.0,888.0,800.0,1100.0,29.6
grooming_189_1127163_1129102.avi,Grooming,30.0,1939.0,800.0,1100.0,64.63333333333334
prob_14_511633_512263.avi,Pumping,30.0,630.0,800.0,1100.0,21.0
v_feeding_g01_363.avi,Feeding,30.0,391.0,800.0,1100.0,13.033333333333331
grooming_0_122_445.avi,Grooming,30.0,323.0,800.0,1100.0,10.766666666666667
v_feeding_g01_839.avi,Feeding,30.0,272.0,800.0,1100.0,9.066666666666666
prob_12_501060_501440.avi,Pumping,30.0,380.0,800.0,1100.0,12.666666666666666
grooming_51_1509786_1511445.avi,Grooming,30.0,1659.0,800.0,1100.0,55.3
grooming_133_1324150_1324994.avi,Grooming,30.0,844.0,800.0,1100.0,28.133333333333333
v_feeding_g01_257.avi,Feeding,30.0,654.0,800.0,1100.0,21.8
grooming_2_3240_3773.avi,Grooming,30.0,533.0,800.0,1100.0,17.766666666666666
grooming_271_1552693_1553740.avi,Grooming,30.0,1047.0,800.0,1100.0,34.9
prob_10_1881991_1883467.avi,Pumping,30.0,1500.0,800.0,1100.0,50.0
prob_13_112436_112912.avi,Pumping,30.0,476.0,800.0,1100.0,15.866666666666667
v_feeding_g01_834.avi,Feeding,30.0,4198.0,800.0,1100.0,139.93333333333334
v_feeding_g01_205.avi,Feeding,30.0,813.0,800.0,1100.0,27.1
v_feeding_g01_521.avi,Feeding,30.0,225.0,800.0,1100.0,7.5
v_feeding_g01_319.avi,Feeding,30.0,344.0,800.0,1100.0,11.466666666666669
prob_3_1555036_1555733.avi,Pumping,30.0,720.0,800.0,1100.0,24.0
v_feeding_g01_421.avi,Feeding,30.0,190.0,800.0,1100.0,6.333333333333333
prob_5_1649044_1650058.avi,Pumping,30.0,1020.0,800.0,1100.0,34.0
prob_14_2037099_2037455.avi,Pumping,30.0,390.0,800.0,1100.0,13.0
grooming_54_1516974_1517428.avi,Grooming,30.0,454.0,800.0,1100.0,15.133333333333333
prob_18_1479034_1479205.avi,Pumping,30.0,171.0,800.0,1100.0,5.7
ProbPumbping_14_1019710_1020407.avi,Pumping,30.0,697.0,800.0,1100.0,23.23333333333333
grooming_45_1193445_1193625.avi,Grooming,30.0,180.0,800.0,1100.0,6.0
v_feeding_g01_0.avi,Feeding,30.0,420.0,800.0,1100.0,14.0
grooming_175_29040_29370.avi,Grooming,30.0,330.0,800.0,1100.0,11.0
grooming_151_619820_620282.avi,Grooming,30.0,462.0,800.0,1100.0,15.4
prob_7_649811_650245.avi,Pumping,30.0,434.0,800.0,1100.0,14.466666666666669
prob_7_1599146_1600214.avi,Pumping,30.0,1068.0,800.0,1100.0,35.6
v_feeding_g01_547.avi,Feeding,30.0,836.0,800.0,1100.0,27.866666666666667
grooming_21_737342_737990.avi,Grooming,30.0,648.0,800.0,1100.0,21.6
prob_19_863508_863750.avi,Pumping,30.0,242.0,800.0,1100.0,8.066666666666666
v_feeding_g01_15.avi,Feeding,30.0,315.0,800.0,1100.0,10.5
v_feeding_g01_796.avi,Feeding,30.0,472.0,800.0,1100.0,15.733333333333333
grooming_44_226463_226625.avi,Grooming,30.0,162.0,800.0,1100.0,5.4
grooming_253_1315620_1316109.avi,Grooming,30.0,489.0,800.0,1100.0,16.3
grooming_286_1617267_1618719.avi,Grooming,30.0,1452.0,800.0,1100.0,48.4
grooming_153_623368_624905.avi,Grooming,30.0,1537.0,800.0,1100.0,51.23333333333333
prob_6_493310_493535.avi,Pumping,30.0,225.0,800.0,1100.0,7.5
v_feeding_g01_5.avi,Feeding,30.0,1241.0,800.0,1100.0,41.36666666666667
grooming_162_1571460_1575612.avi,Grooming,30.0,4152.0,800.0,1100.0,138.4
grooming_157_631737_632051.avi,Grooming,30.0,314.0,800.0,1100.0,10.466666666666669
v_feeding_g01_441.avi,Feeding,30.0,221.0,800.0,1100.0,7.366666666666666
prob_5_121843_122527.avi,Pumping,30.0,720.0,800.0,1100.0,24.0
v_feeding_g01_809.avi,Feeding,30.0,538.0,800.0,1100.0,17.933333333333334
grooming_258_1437488_1438009.avi,Grooming,30.0,521.0,800.0,1100.0,17.366666666666667
v_feeding_g01_188.avi,Feeding,30.0,150.0,800.0,1100.0,5.0
prob_2_286133_286314.avi,Pumping,30.0,181.0,800.0,1100.0,6.033333333333333
v_feeding_g01_503.avi,Feeding,30.0,941.0,800.0,1100.0,31.366666666666667
grooming_142_1432949_1434938.avi,Grooming,30.0,1989.0,800.0,1100.0,66.3
grooming_169_1656726_1656936.avi,Grooming,30.0,210.0,800.0,1100.0,7.0
grooming_14_15068_15400.avi,Grooming,30.0,332.0,800.0,1100.0,11.066666666666666
prob_13_2006991_2007775.avi,Pumping,30.0,810.0,800.0,1100.0,27.0
v_feeding_g01_812.avi,Feeding,30.0,937.0,800.0,1100.0,31.23333333333333
v_feeding_g01_718.avi,Feeding,30.0,240.0,800.0,1100.0,8.0
prob_20_1516886_1517176.avi,Pumping,30.0,290.0,800.0,1100.0,9.666666666666666
prob_18_2095293_2095907.avi,Pumping,30.0,614.0,800.0,1100.0,20.466666666666665
grooming_222_1093176_1094669.avi,Grooming,30.0,1493.0,800.0,1100.0,49.766666666666666
prob_48_147133_147336.avi,Pumping,30.0,240.0,800.0,1100.0,8.0
prob_17_1951206_1951732.avi,Pumping,30.0,526.0,800.0,1100.0,17.533333333333335
v_feeding_g01_42.avi,Feeding,30.0,478.0,800.0,1100.0,15.933333333333334
v_feeding_g01_294.avi,Feeding,30.0,292.0,800.0,1100.0,9.733333333333333
grooming_43_224438_225620.avi,Grooming,30.0,1182.0,800.0,1100.0,39.4
grooming_27_822911_823132.avi,Grooming,30.0,221.0,800.0,1100.0,7.366666666666666
grooming_127_1274414_1274970.avi,Grooming,30.0,556.0,800.0,1100.0,18.53333333333333
v_feeding_g01_624.avi,Feeding,30.0,906.0,800.0,1100.0,30.2
grooming_27_158856_159218.avi,Grooming,30.0,362.0,800.0,1100.0,12.066666666666666
prob_43_1163626_1163970.avi,Pumping,30.0,344.0,800.0,1100.0,11.466666666666669
v_feeding_g01_327.avi,Feeding,30.0,174.0,800.0,1100.0,5.8
grooming_19_169046_169883.avi,Grooming,30.0,837.0,800.0,1100.0,27.9
prob_44_394300_395226.avi,Pumping,30.0,960.0,800.0,1100.0,32.0
v_feeding_g01_209.avi,Feeding,30.0,286.0,800.0,1100.0,9.533333333333331
v_feeding_g01_501.avi,Feeding,30.0,162.0,800.0,1100.0,5.4
grooming_18_724977_725855.avi,Grooming,30.0,878.0,800.0,1100.0,29.266666666666666
prob_29_1419487_1419670.avi,Pumping,30.0,183.0,800.0,1100.0,6.1
grooming_153_1521871_1523348.avi,Grooming,30.0,1477.0,800.0,1100.0,49.23333333333333
v_feeding_g01_470.avi,Feeding,30.0,169.0,800.0,1100.0,5.633333333333334
prob_13_158863_159248.avi,Pumping,30.0,385.0,800.0,1100.0,12.833333333333334
grooming_62_282766_283031.avi,Grooming,30.0,265.0,800.0,1100.0,8.833333333333334
grooming_23_188087_188604.avi,Grooming,30.0,517.0,800.0,1100.0,17.233333333333334
prob_41_371455_372270.avi,Pumping,30.0,840.0,800.0,1100.0,28.0
v_feeding_g01_822.avi,Feeding,30.0,198.0,800.0,1100.0,6.6
grooming_187_995892_996056.avi,Grooming,30.0,164.0,800.0,1100.0,5.466666666666667
prob_24_781597_781851.avi,Pumping,30.0,254.0,800.0,1100.0,8.466666666666667
grooming_6_10691_11037.avi,Grooming,30.0,346.0,800.0,1100.0,11.533333333333331
prob_12_1235882_1236186.avi,Pumping,30.0,304.0,800.0,1100.0,10.133333333333333
prob_32_1626781_1627580.avi,Pumping,30.0,799.0,800.0,1100.0,26.633333333333333
prob_14_1871092_1871310.avi,Pumping,30.0,218.0,800.0,1100.0,7.266666666666667
v_feeding_g01_291.avi,Feeding,30.0,210.0,800.0,1100.0,7.0
prob_16_2145396_2146003.avi,Pumping,30.0,630.0,800.0,1100.0,21.0
v_feeding_g01_208.avi,Feeding,30.0,208.0,800.0,1100.0,6.933333333333334
prob_27_1359210_1360051.avi,Pumping,30.0,841.0,800.0,1100.0,28.03333333333333
v_feeding_g01_151.avi,Feeding,30.0,278.0,800.0,1100.0,9.266666666666667
v_feeding_g01_111.avi,Feeding,30.0,150.0,800.0,1100.0,5.0
prob_3_500554_501446.avi,Pumping,30.0,892.0,800.0,1100.0,29.73333333333333
v_feeding_g01_90.avi,Feeding,30.0,387.0,800.0,1100.0,12.9
prob_40_358755_359117.avi,Pumping,30.0,390.0,800.0,1100.0,13.0
grooming_25_819325_819913.avi,Grooming,30.0,588.0,800.0,1100.0,19.6
prob_29_2062340_2062980.avi,Pumping,30.0,660.0,800.0,1100.0,22.0
grooming_245_1205523_1205818.avi,Grooming,30.0,295.0,800.0,1100.0,9.833333333333334
grooming_67_416831_417152.avi,Grooming,30.0,321.0,800.0,1100.0,10.7
grooming_31_211251_211850.avi,Grooming,30.0,599.0,800.0,1100.0,19.966666666666665
v_feeding_g01_135.avi,Feeding,30.0,867.0,800.0,1100.0,28.9
grooming_103_466355_466712.avi,Grooming,30.0,357.0,800.0,1100.0,11.9
grooming_259_1479996_1481198.avi,Grooming,30.0,1202.0,800.0,1100.0,40.06666666666667
prob_4_304246_305112.avi,Pumping,30.0,866.0,800.0,1100.0,28.866666666666667
grooming_167_1618106_1618558.avi,Grooming,30.0,452.0,800.0,1100.0,15.066666666666666
v_feeding_g01_806.avi,Feeding,30.0,326.0,800.0,1100.0,10.866666666666667
v_feeding_g01_770.avi,Feeding,30.0,496.0,800.0,1100.0,16.533333333333335
v_feeding_g01_362.avi,Feeding,30.0,1461.0,800.0,1100.0,48.7
grooming_41_221333_221600.avi,Grooming,30.0,267.0,800.0,1100.0,8.9
grooming_126_1148802_1148956.avi,Grooming,30.0,154.0,800.0,1100.0,5.133333333333334
grooming_28_203494_204107.avi,Grooming,30.0,613.0,800.0,1100.0,20.433333333333334
grooming_30_826596_827066.avi,Grooming,30.0,470.0,800.0,1100.0,15.666666666666666
v_feeding_g01_537.avi,Feeding,30.0,900.0,800.0,1100.0,30.0
v_feeding_g01_405.avi,Feeding,30.0,192.0,800.0,1100.0,6.4
v_feeding_g01_264.avi,Feeding,30.0,444.0,800.0,1100.0,14.8
prob_4_1599156_1600147.avi,Pumping,30.0,1020.0,800.0,1100.0,34.0
v_feeding_g01_735.avi,Feeding,30.0,1031.0,800.0,1100.0,34.36666666666667
v_feeding_g01_164.avi,Feeding,30.0,454.0,800.0,1100.0,15.133333333333333
prob_19_2098987_2099561.avi,Pumping,30.0,574.0,800.0,1100.0,19.133333333333333
grooming_110_474931_475104.avi,Grooming,30.0,173.0,800.0,1100.0,5.766666666666667
grooming_198_1012675_1016692.avi,Grooming,30.0,4017.0,800.0,1100.0,133.9
grooming_65_401043_401497.avi,Grooming,30.0,454.0,800.0,1100.0,15.133333333333333
grooming_16_723561_723916.avi,Grooming,30.0,355.0,800.0,1100.0,11.833333333333334
prob_22_1618865_1619156.avi,Pumping,30.0,291.0,800.0,1100.0,9.7
prob_16_1209102_1209328.avi,Pumping,30.0,226.0,800.0,1100.0,7.533333333333333
grooming_219_1088678_1088897.avi,Grooming,30.0,219.0,800.0,1100.0,7.3
prob_6_538616_538951.avi,Pumping,30.0,335.0,800.0,1100.0,11.166666666666666
prob_15_1905292_1905562.avi,Pumping,30.0,270.0,800.0,1100.0,9.0
prob_78_1746641_1748143.avi,Pumping,30.0,1530.0,800.0,1100.0,51.0
prob_12_993906_994194.avi,Pumping,30.0,288.0,800.0,1100.0,9.6
prob_5_427020_427510.avi,Pumping,30.0,490.0,800.0,1100.0,16.333333333333332
prob_4_604993_605367.avi,Pumping,30.0,374.0,800.0,1100.0,12.466666666666669
v_feeding_g01_523.avi,Feeding,30.0,204.0,800.0,1100.0,6.8
v_feeding_g01_683.avi,Feeding,30.0,241.0,800.0,1100.0,8.033333333333333
v_feeding_g01_669.avi,Feeding,30.0,276.0,800.0,1100.0,9.2
grooming_190_1222854_1225860.avi,Grooming,30.0,3006.0,800.0,1100.0,100.2
prob_10_805377_805908.avi,Pumping,30.0,531.0,800.0,1100.0,17.7
prob_52_193237_193824.avi,Pumping,30.0,600.0,800.0,1100.0,20.0
prob_7_1746800_1747131.avi,Pumping,30.0,360.0,800.0,1100.0,12.0
prob_11_910866_911397.avi,Pumping,30.0,531.0,800.0,1100.0,17.7
prob_56_581044_582548.avi,Pumping,30.0,1530.0,800.0,1100.0,51.0
grooming_70_432290_432932.avi,Grooming,30.0,642.0,800.0,1100.0,21.4
v_feeding_g01_107.avi,Feeding,30.0,314.0,800.0,1100.0,10.466666666666669
v_feeding_g01_213.avi,Feeding,30.0,690.0,800.0,1100.0,23.0
grooming_81_445398_445619.avi,Grooming,30.0,221.0,800.0,1100.0,7.366666666666666
v_feeding_g01_160.avi,Feeding,30.0,541.0,800.0,1100.0,18.03333333333333
v_feeding_g01_30.avi,Feeding,30.0,857.0,800.0,1100.0,28.566666666666663
grooming_213_1077921_1078109.avi,Grooming,30.0,188.0,800.0,1100.0,6.266666666666667
v_feeding_g01_244.avi,Feeding,30.0,233.0,800.0,1100.0,7.766666666666667
grooming_243_1156266_1157475.avi,Grooming,30.0,1209.0,800.0,1100.0,40.3
grooming_40_1185546_1185772.avi,Grooming,30.0,226.0,800.0,1100.0,7.533333333333333
grooming_188_1108802_1110668.avi,Grooming,30.0,1866.0,800.0,1100.0,62.2
grooming_55_596484_597085.avi,Grooming,30.0,601.0,800.0,1100.0,20.03333333333333
grooming_80_717783_718998.avi,Grooming,30.0,1215.0,800.0,1100.0,40.5
ProboscisPump_57_398934_399356.avi,Pumping,30.0,422.0,800.0,1100.0,14.066666666666666
grooming_139_1428754_1429060.avi,Grooming,30.0,306.0,800.0,1100.0,10.2
grooming_61_278642_280462.avi,Grooming,30.0,1820.0,800.0,1100.0,60.66666666666666
grooming_168_1636303_1637300.avi,Grooming,30.0,997.0,800.0,1100.0,33.233333333333334
prob_14_965578_966394.avi,Pumping,30.0,816.0,800.0,1100.0,27.2
prob_11_759796_760208.avi,Pumping,30.0,412.0,800.0,1100.0,13.733333333333333
grooming_24_150836_151409.avi,Grooming,30.0,573.0,800.0,1100.0,19.1
grooming_292_1720112_1722830.avi,Grooming,30.0,2718.0,800.0,1100.0,90.6
grooming_44_1190961_1192267.avi,Grooming,30.0,1306.0,800.0,1100.0,43.53333333333333
grooming_96_851684_852224.avi,Grooming,30.0,540.0,800.0,1100.0,18.0
grooming_33_182814_184762.avi,Grooming,30.0,1948.0,800.0,1100.0,64.93333333333334
grooming_110_1035108_1035336.avi,Grooming,30.0,228.0,800.0,1100.0,7.6
grooming_49_239740_239941.avi,Grooming,30.0,201.0,800.0,1100.0,6.7
grooming_11_114750_117825.avi,Grooming,30.0,3075.0,800.0,1100.0,102.5
grooming_181_47440_47734.avi,Grooming,30.0,294.0,800.0,1100.0,9.8
prob_12_799814_800270.avi,Pumping,30.0,456.0,800.0,1100.0,15.2
v_feeding_g01_699.avi,Feeding,30.0,2045.0,800.0,1100.0,68.16666666666667
v_feeding_g01_831.avi,Feeding,30.0,236.0,800.0,1100.0,7.866666666666666
v_feeding_g01_434.avi,Feeding,30.0,150.0,800.0,1100.0,5.0
v_feeding_g01_805.avi,Feeding,30.0,1199.0,800.0,1100.0,39.96666666666667
v_feeding_g01_82.avi,Feeding,30.0,218.0,800.0,1100.0,7.266666666666667
v_feeding_g01_231.avi,Feeding,30.0,631.0,800.0,1100.0,21.03333333333333
grooming_195_1005486_1005778.avi,Grooming,30.0,292.0,800.0,1100.0,9.733333333333333
v_feeding_g01_373.avi,Feeding,30.0,189.0,800.0,1100.0,6.3
v_feeding_g01_55.avi,Feeding,30.0,1069.0,800.0,1100.0,35.63333333333333
prob_7_735296_735688.avi,Pumping,30.0,392.0,800.0,1100.0,13.066666666666666
grooming_79_415233_416321.avi,Grooming,30.0,1088.0,800.0,1100.0,36.266666666666666
grooming_68_426401_428747.avi,Grooming,30.0,2346.0,800.0,1100.0,78.2
prob_29_876760_877471.avi,Pumping,30.0,711.0,800.0,1100.0,23.7
v_feeding_g01_650.avi,Feeding,30.0,232.0,800.0,1100.0,7.733333333333333
prob_42_1126342_1126888.avi,Pumping,30.0,546.0,800.0,1100.0,18.2
prob_50_1285461_1285890.avi,Pumping,30.0,429.0,800.0,1100.0,14.3
v_feeding_g01_168.avi,Feeding,30.0,1947.0,800.0,1100.0,64.9
grooming_192_1003189_1003501.avi,Grooming,30.0,312.0,800.0,1100.0,10.4
grooming_71_476838_477212.avi,Grooming,30.0,374.0,800.0,1100.0,12.466666666666669
grooming_109_1034456_1034736.avi,Grooming,30.0,280.0,800.0,1100.0,9.333333333333334
prob_10_1388273_1389052.avi,Pumping,30.0,779.0,800.0,1100.0,25.966666666666665
v_feeding_g01_238.avi,Feeding,30.0,154.0,800.0,1100.0,5.133333333333334
grooming_262_1505562_1505762.avi,Grooming,30.0,200.0,800.0,1100.0,6.666666666666667
grooming_154_625873_626039.avi,Grooming,30.0,166.0,800.0,1100.0,5.533333333333333
prob_31_1490642_1490974.avi,Pumping,30.0,332.0,800.0,1100.0,11.066666666666666
v_feeding_g01_211.avi,Feeding,30.0,456.0,800.0,1100.0,15.2
v_feeding_g01_198.avi,Feeding,30.0,557.0,800.0,1100.0,18.566666666666663
v_feeding_g01_180.avi,Feeding,30.0,444.0,800.0,1100.0,14.8
grooming_113_1038010_1038214.avi,Grooming,30.0,204.0,800.0,1100.0,6.8
prob_26_835330_835488.avi,Pumping,30.0,158.0,800.0,1100.0,5.266666666666667
grooming_78_631936_633244.avi,Grooming,30.0,1308.0,800.0,1100.0,43.6
prob_21_652068_652944.avi,Pumping,30.0,876.0,800.0,1100.0,29.2
grooming_6_347545_347757.avi,Grooming,30.0,212.0,800.0,1100.0,7.066666666666666
v_feeding_g01_514.avi,Feeding,30.0,580.0,800.0,1100.0,19.33333333333333
grooming_35_957843_957995.avi,Grooming,30.0,152.0,800.0,1100.0,5.066666666666666
prob_18_1114658_1114921.avi,Pumping,30.0,263.0,800.0,1100.0,8.766666666666667
grooming_125_1078808_1079285.avi,Grooming,30.0,477.0,800.0,1100.0,15.9
prob_7_540788_541408.avi,Pumping,30.0,620.0,800.0,1100.0,20.666666666666668
prob_92_2108413_2108537.avi,Pumping,30.0,150.0,800.0,1100.0,5.0
prob_15_559298_559541.avi,Pumping,30.0,243.0,800.0,1100.0,8.1
prob_6_1697691_1698133.avi,Pumping,30.0,480.0,800.0,1100.0,16.0
grooming_113_482331_482597.avi,Grooming,30.0,266.0,800.0,1100.0,8.866666666666667
grooming_202_1067079_1067252.avi,Grooming,30.0,173.0,800.0,1100.0,5.766666666666667
prob_24_1713402_1713971.avi,Pumping,30.0,569.0,800.0,1100.0,18.966666666666665
grooming_280_1602827_1603011.avi,Grooming,30.0,184.0,800.0,1100.0,6.133333333333334
grooming_22_178330_180450.avi,Grooming,30.0,2120.0,800.0,1100.0,70.66666666666667
v_feeding_g01_602.avi,Feeding,30.0,180.0,800.0,1100.0,6.0
v_feeding_g01_726.avi,Feeding,30.0,155.0,800.0,1100.0,5.166666666666667
prob_5_476113_476403.avi,Pumping,30.0,290.0,800.0,1100.0,9.666666666666666
prob_2_441727_442555.avi,Pumping,30.0,828.0,800.0,1100.0,27.6
v_feeding_g01_2.avi,Feeding,30.0,987.0,800.0,1100.0,32.9
v_feeding_g01_316.avi,Feeding,30.0,356.0,800.0,1100.0,11.866666666666667
grooming_83_758570_759342.avi,Grooming,30.0,772.0,800.0,1100.0,25.73333333333333
grooming_19_66498_71005.avi,Grooming,30.0,4507.0,800.0,1100.0,150.23333333333332
prob_25_799315_799762.avi,Pumping,30.0,447.0,800.0,1100.0,14.9
grooming_9_7144_7742.avi,Grooming,30.0,598.0,800.0,1100.0,19.933333333333334
prob_53_1525643_1525890.avi,Pumping,30.0,270.0,800.0,1100.0,9.0
v_feeding_g01_278.avi,Feeding,30.0,160.0,800.0,1100.0,5.333333333333333
v_feeding_g01_399.avi,Feeding,30.0,169.0,800.0,1100.0,5.633333333333334
grooming_120_582270_584241.avi,Grooming,30.0,1971.0,800.0,1100.0,65.7
v_feeding_g01_539.avi,Feeding,30.0,320.0,800.0,1100.0,10.666666666666666
ProbPumbping_13_929745_930549.avi,Pumping,30.0,804.0,800.0,1100.0,26.8
v_feeding_g01_420.avi,Feeding,30.0,239.0,800.0,1100.0,7.966666666666667
v_feeding_g01_89.avi,Feeding,30.0,850.0,800.0,1100.0,28.33333333333333
v_feeding_g01_116.avi,Feeding,30.0,289.0,800.0,1100.0,9.633333333333333
grooming_31_169056_174656.avi,Grooming,30.0,5600.0,800.0,1100.0,186.66666666666663
grooming_55_329836_330179.avi,Grooming,30.0,343.0,800.0,1100.0,11.433333333333334
v_feeding_g01_22.avi,Feeding,30.0,292.0,800.0,1100.0,9.733333333333333
grooming_163_1587538_1588480.avi,Grooming,30.0,942.0,800.0,1100.0,31.4
grooming_282_1606904_1607205.avi,Grooming,30.0,301.0,800.0,1100.0,10.033333333333331
prob_11_1143240_1143488.avi,Pumping,30.0,248.0,800.0,1100.0,8.266666666666667
grooming_57_340766_341603.avi,Grooming,30.0,837.0,800.0,1100.0,27.9
prob_108_2150718_2150864.avi,Pumping,30.0,180.0,800.0,1100.0,6.0
grooming_16_17247_18069.avi,Grooming,30.0,822.0,800.0,1100.0,27.4
prob_5_1576284_1576564.avi,Pumping,30.0,280.0,800.0,1100.0,9.333333333333334
grooming_248_1225694_1226571.avi,Grooming,30.0,877.0,800.0,1100.0,29.23333333333333
ProbPumbping_2_127797_127996.avi,Pumping,30.0,199.0,800.0,1100.0,6.633333333333334
grooming_291_1716812_1717379.avi,Grooming,30.0,567.0,800.0,1100.0,18.9
prob_2_1326707_1327564.avi,Pumping,30.0,857.0,800.0,1100.0,28.566666666666663
v_feeding_g01_404.avi,Feeding,30.0,920.0,800.0,1100.0,30.666666666666668
v_feeding_g01_689.avi,Feeding,30.0,351.0,800.0,1100.0,11.7
grooming_77_407876_410120.avi,Grooming,30.0,2244.0,800.0,1100.0,74.8
v_feeding_g01_527.avi,Feeding,30.0,240.0,800.0,1100.0,8.0
grooming_52_1512393_1516284.avi,Grooming,30.0,3891.0,800.0,1100.0,129.7
prob_7_797550_798554.avi,Pumping,30.0,1004.0,800.0,1100.0,33.46666666666667
grooming_49_1402776_1402984.avi,Grooming,30.0,208.0,800.0,1100.0,6.933333333333334
grooming_17_166614_167198.avi,Grooming,30.0,584.0,800.0,1100.0,19.466666666666665
ProbPumbping_24_1426394_1427074.avi,Pumping,30.0,680.0,800.0,1100.0,22.666666666666668
grooming_89_835486_836022.avi,Grooming,30.0,536.0,800.0,1100.0,17.866666666666667
grooming_158_1561204_1561470.avi,Grooming,30.0,266.0,800.0,1100.0,8.866666666666667
v_feeding_g01_345.avi,Feeding,30.0,294.0,800.0,1100.0,9.8
ProboscisPump_62_491230_491798.avi,Pumping,30.0,568.0,800.0,1100.0,18.933333333333334
grooming_232_1114437_1114667.avi,Grooming,30.0,230.0,800.0,1100.0,7.666666666666667
v_feeding_g01_68.avi,Feeding,30.0,180.0,800.0,1100.0,6.0
v_feeding_g01_426.avi,Feeding,30.0,797.0,800.0,1100.0,26.566666666666663
v_feeding_g01_733.avi,Feeding,30.0,1105.0,800.0,1100.0,36.833333333333336
grooming_91_836493_836648.avi,Grooming,30.0,155.0,800.0,1100.0,5.166666666666667
ProboscisPump_64_604906_605404.avi,Pumping,30.0,498.0,800.0,1100.0,16.6
grooming_60_277914_278244.avi,Grooming,30.0,330.0,800.0,1100.0,11.0
grooming_41_256500_257181.avi,Grooming,30.0,681.0,800.0,1100.0,22.7
prob_96_2138287_2139470.avi,Pumping,30.0,1200.0,800.0,1100.0,40.0
grooming_152_620541_622658.avi,Grooming,30.0,2117.0,800.0,1100.0,70.56666666666666
prob_8_286056_286267.avi,Pumping,30.0,211.0,800.0,1100.0,7.033333333333333
v_feeding_g01_341.avi,Feeding,30.0,152.0,800.0,1100.0,5.066666666666666
grooming_289_1692496_1692734.avi,Grooming,30.0,238.0,800.0,1100.0,7.933333333333334
prob_95_2126840_2127110.avi,Pumping,30.0,300.0,800.0,1100.0,10.0
v_feeding_g01_465.avi,Feeding,30.0,908.0,800.0,1100.0,30.266666666666666
v_feeding_g01_545.avi,Feeding,30.0,862.0,800.0,1100.0,28.73333333333333
prob_24_2000725_2001383.avi,Pumping,30.0,690.0,800.0,1100.0,23.0
grooming_78_411465_413532.avi,Grooming,30.0,2067.0,800.0,1100.0,68.9
prob_22_715338_716580.avi,Pumping,30.0,1242.0,800.0,1100.0,41.4
grooming_59_352561_353243.avi,Grooming,30.0,682.0,800.0,1100.0,22.73333333333333
grooming_196_1008106_1008403.avi,Grooming,30.0,297.0,800.0,1100.0,9.9
grooming_148_1493834_1494223.avi,Grooming,30.0,389.0,800.0,1100.0,12.966666666666669
grooming_9_366487_367944.avi,Grooming,30.0,1457.0,800.0,1100.0,48.56666666666667
v_feeding_g01_844.avi,Feeding,30.0,1129.0,800.0,1100.0,37.63333333333333
v_feeding_g01_109.avi,Feeding,30.0,426.0,800.0,1100.0,14.2
v_feeding_g01_71.avi,Feeding,30.0,2594.0,800.0,1100.0,86.46666666666667
v_feeding_g01_769.avi,Feeding,30.0,390.0,800.0,1100.0,13.0
grooming_3_340065_341453.avi,Grooming,30.0,1388.0,800.0,1100.0,46.266666666666666
grooming_255_1372538_1373084.avi,Grooming,30.0,546.0,800.0,1100.0,18.2
grooming_21_176707_176858.avi,Grooming,30.0,151.0,800.0,1100.0,5.033333333333333
prob_9_1819017_1819601.avi,Pumping,30.0,630.0,800.0,1100.0,21.0
prob_35_1003001_1003350.avi,Pumping,30.0,349.0,800.0,1100.0,11.633333333333333
grooming_137_1403034_1404128.avi,Grooming,30.0,1094.0,800.0,1100.0,36.46666666666667
v_feeding_g01_365.avi,Feeding,30.0,288.0,800.0,1100.0,9.6
v_feeding_g01_491.avi,Feeding,30.0,271.0,800.0,1100.0,9.033333333333331
grooming_241_1148078_1148326.avi,Grooming,30.0,248.0,800.0,1100.0,8.266666666666667
v_feeding_g01_785.avi,Feeding,30.0,2287.0,800.0,1100.0,76.23333333333333
grooming_43_1189592_1190575.avi,Grooming,30.0,983.0,800.0,1100.0,32.766666666666666
v_feeding_g01_634.avi,Feeding,30.0,210.0,800.0,1100.0,7.0
v_feeding_g01_685.avi,Feeding,30.0,337.0,800.0,1100.0,11.233333333333333
grooming_279_1591378_1592810.avi,Grooming,30.0,1432.0,800.0,1100.0,47.73333333333333
v_feeding_g01_765.avi,Feeding,30.0,714.0,800.0,1100.0,23.8
ProbPumbping_4_41603_42649.avi,Pumping,30.0,1046.0,800.0,1100.0,34.86666666666667
prob_13_953428_954588.avi,Pumping,30.0,1160.0,800.0,1100.0,38.66666666666666
v_feeding_g01_723.avi,Feeding,30.0,218.0,800.0,1100.0,7.266666666666667
prob_61_600408_601225.avi,Pumping,30.0,840.0,800.0,1100.0,28.0
prob_52_501192_501348.avi,Pumping,30.0,180.0,800.0,1100.0,6.0
prob_8_1771721_1772551.avi,Pumping,30.0,870.0,800.0,1100.0,29.0
prob_2_1537537_1538330.avi,Pumping,30.0,793.0,800.0,1100.0,26.433333333333334
grooming_73_500412_500622.avi,Grooming,30.0,210.0,800.0,1100.0,7.0
prob_36_1021380_1021705.avi,Pumping,30.0,325.0,800.0,1100.0,10.833333333333334
prob_11_1437766_1438133.avi,Pumping,30.0,367.0,800.0,1100.0,12.233333333333333
prob_22_1141625_1142366.avi,Pumping,30.0,741.0,800.0,1100.0,24.7
v_feeding_g01_779.avi,Feeding,30.0,265.0,800.0,1100.0,8.833333333333334
prob_28_1686081_1686452.avi,Pumping,30.0,371.0,800.0,1100.0,12.366666666666667
prob_16_726494_726967.avi,Pumping,30.0,473.0,800.0,1100.0,15.766666666666667
grooming_141_610865_611125.avi,Grooming,30.0,260.0,800.0,1100.0,8.666666666666666
prob_2_880185_880580.avi,Pumping,30.0,395.0,800.0,1100.0,13.166666666666666
ProbPumbping_20_1243831_1244498.avi,Pumping,30.0,667.0,800.0,1100.0,22.23333333333333
v_feeding_g01_333.avi,Feeding,30.0,336.0,800.0,1100.0,11.2
prob_8_684461_684920.avi,Pumping,30.0,459.0,800.0,1100.0,15.3
prob_53_1396834_1397268.avi,Pumping,30.0,434.0,800.0,1100.0,14.466666666666669
grooming_129_1277701_1278034.avi,Grooming,30.0,333.0,800.0,1100.0,11.1
v_feeding_g01_67.avi,Feeding,30.0,193.0,800.0,1100.0,6.433333333333334
v_feeding_g01_520.avi,Feeding,30.0,174.0,800.0,1100.0,5.8
prob_0_54100_54314.avi,Pumping,30.0,214.0,800.0,1100.0,7.133333333333334
prob_23_753557_753928.avi,Pumping,30.0,371.0,800.0,1100.0,12.366666666666667
prob_0_436943_437415.avi,Pumping,30.0,472.0,800.0,1100.0,15.733333333333333
grooming_131_1317833_1318000.avi,Grooming,30.0,167.0,800.0,1100.0,5.566666666666666
grooming_256_1376547_1377049.avi,Grooming,30.0,502.0,800.0,1100.0,16.733333333333334
prob_17_770027_770295.avi,Pumping,30.0,268.0,800.0,1100.0,8.933333333333334
v_feeding_g01_639.avi,Feeding,30.0,479.0,800.0,1100.0,15.966666666666669
v_feeding_g01_778.avi,Feeding,30.0,433.0,800.0,1100.0,14.433333333333334
prob_49_147823_149226.avi,Pumping,30.0,1440.0,800.0,1100.0,48.0
v_feeding_g01_603.avi,Feeding,30.0,660.0,800.0,1100.0,22.0
ProbPumbping_7_430091_430708.avi,Pumping,30.0,617.0,800.0,1100.0,20.566666666666663
grooming_30_161730_161905.avi,Grooming,30.0,175.0,800.0,1100.0,5.833333333333333
v_feeding_g01_665.avi,Feeding,30.0,261.0,800.0,1100.0,8.7
prob_9_863518_863729.avi,Pumping,30.0,211.0,800.0,1100.0,7.033333333333333
prob_34_1704148_1704954.avi,Pumping,30.0,806.0,800.0,1100.0,26.866666666666667
v_feeding_g01_707.avi,Feeding,30.0,1194.0,800.0,1100.0,39.8
grooming_117_1039383_1039807.avi,Grooming,30.0,424.0,800.0,1100.0,14.133333333333333
prob_23_1189030_1189400.avi,Pumping,30.0,370.0,800.0,1100.0,12.333333333333334
grooming_90_836178_836350.avi,Grooming,30.0,172.0,800.0,1100.0,5.733333333333333
v_feeding_g01_364.avi,Feeding,30.0,384.0,800.0,1100.0,12.8
prob_14_1081510_1082326.avi,Pumping,30.0,816.0,800.0,1100.0,27.2
v_feeding_g01_378.avi,Feeding,30.0,150.0,800.0,1100.0,5.0
prob_31_292678_293816.avi,Pumping,30.0,1170.0,800.0,1100.0,39.0
grooming_118_492405_492720.avi,Grooming,30.0,315.0,800.0,1100.0,10.5
grooming_12_507317_507811.avi,Grooming,30.0,494.0,800.0,1100.0,16.466666666666665
grooming_186_1706845_1707970.avi,Grooming,30.0,1125.0,800.0,1100.0,37.5
v_feeding_g01_312.avi,Feeding,30.0,193.0,800.0,1100.0,6.433333333333334
prob_46_137384_138409.avi,Pumping,30.0,1050.0,800.0,1100.0,35.0
grooming_134_1343655_1344968.avi,Grooming,30.0,1313.0,800.0,1100.0,43.766666666666666
v_feeding_g01_505.avi,Feeding,30.0,599.0,800.0,1100.0,19.966666666666665
prob_17_167753_168301.avi,Pumping,30.0,600.0,800.0,1100.0,20.0
prob_2_259180_259524.avi,Pumping,30.0,344.0,800.0,1100.0,11.466666666666669
grooming_72_401708_401873.avi,Grooming,30.0,165.0,800.0,1100.0,5.5
v_feeding_g01_380.avi,Feeding,30.0,870.0,800.0,1100.0,29.0
v_feeding_g01_601.avi,Feeding,30.0,156.0,800.0,1100.0,5.2
v_feeding_g01_745.avi,Feeding,30.0,164.0,800.0,1100.0,5.466666666666667
grooming_11_369710_372484.avi,Grooming,30.0,2774.0,800.0,1100.0,92.46666666666668
v_feeding_g01_716.avi,Feeding,30.0,281.0,800.0,1100.0,9.366666666666667
v_feeding_g01_528.avi,Feeding,30.0,210.0,800.0,1100.0,7.0
grooming_102_463958_464157.avi,Grooming,30.0,199.0,800.0,1100.0,6.633333333333334
